{
  "name": "{{Dataset_Name}}",
  "compatibilityLevel": 1604,
  "model": {
    "name": "{{Dataset_Name}}",
    "culture": "en-US",
    "collation": "Latin1_General_100_BIN2_UTF8",
    "dataAccessOptions": {
      "legacyRedirects": true,
      "returnErrorValuesAsNull": true
    },
    "defaultPowerBIDataSourceVersion": "powerBI_V3",
    "sourceQueryCulture": "en-US",
    "tables": [
      {
        "name": "demo1",
        "sourceLineageTag": "[dbo].[demo1]",
        "columns": [
          {
            "name": "id",
            "dataType": "int64",
            "sourceColumn": "id",
            "formatString": "0",
            "sourceProviderType": "int",
            "sourceLineageTag": "id",
            "summarizeBy": "sum",
            "annotations": [
              {
                "name": "SummarizationSetBy",
                "value": "Automatic"
              }
            ]
          }
        ],
        "partitions": [
          {
            "name": "{{Partition_Name}}",
            "mode": "directLake",
            "source": {
              "type": "entity",
              "entityName": "demo1",
              "expressionSource": "DatabaseQuery",
              "schemaName": "dbo"
            }
          }
        ],
        "annotations": [
          {
            "name": "IsTableInBiModel",
            "value": "False"
          }
        ]
      },
      {
        "name": "demo",
        "sourceLineageTag": "[dbo].[demo]",
        "columns": [
          {
            "name": "id",
            "dataType": "int64",
            "sourceColumn": "id",
            "formatString": "0",
            "sourceProviderType": "int",
            "sourceLineageTag": "id",
            "summarizeBy": "sum",
            "annotations": [
              {
                "name": "SummarizationSetBy",
                "value": "Automatic"
              }
            ]
          },
          {
            "name": "name",
            "dataType": "string",
            "sourceColumn": "name",
            "sourceProviderType": "varchar",
            "sourceLineageTag": "name",
            "summarizeBy": "none",
            "annotations": [
              {
                "name": "SummarizationSetBy",
                "value": "Automatic"
              }
            ]
          }
        ],
        "partitions": [
          {
            "name": "{{Partition_Name}}",
            "mode": "directLake",
            "source": {
              "type": "entity",
              "entityName": "demo",
              "expressionSource": "DatabaseQuery",
              "schemaName": "dbo"
            }
          }
        ],
        "annotations": [
          {
            "name": "IsTableInBiModel",
            "value": "False"
          }
        ]
      },
      {
        "name": "democlone",
        "sourceLineageTag": "[dbo].[democlone]",
        "columns": [
          {
            "name": "id",
            "dataType": "int64",
            "sourceColumn": "id",
            "formatString": "0",
            "sourceProviderType": "int",
            "sourceLineageTag": "id",
            "summarizeBy": "sum",
            "annotations": [
              {
                "name": "SummarizationSetBy",
                "value": "Automatic"
              }
            ]
          },
          {
            "name": "name",
            "dataType": "string",
            "sourceColumn": "name",
            "sourceProviderType": "varchar",
            "sourceLineageTag": "name",
            "summarizeBy": "none",
            "annotations": [
              {
                "name": "SummarizationSetBy",
                "value": "Automatic"
              }
            ]
          }
        ],
        "partitions": [
          {
            "name": "{{Partition_Name}}",
            "mode": "directLake",
            "source": {
              "type": "entity",
              "entityName": "democlone",
              "expressionSource": "DatabaseQuery",
              "schemaName": "dbo"
            }
          }
        ],
        "annotations": [
          {
            "name": "IsTableInBiModel",
            "value": "False"
          }
        ]
      },
      {
        "name": "demosp",
        "sourceLineageTag": "[dbo].[demosp]",
        "columns": [
          {
            "name": "id",
            "dataType": "int64",
            "sourceColumn": "id",
            "formatString": "0",
            "sourceProviderType": "int",
            "sourceLineageTag": "id",
            "summarizeBy": "sum",
            "annotations": [
              {
                "name": "SummarizationSetBy",
                "value": "Automatic"
              }
            ]
          },
          {
            "name": "name",
            "dataType": "string",
            "sourceColumn": "name",
            "sourceProviderType": "varchar",
            "sourceLineageTag": "name",
            "summarizeBy": "none",
            "annotations": [
              {
                "name": "SummarizationSetBy",
                "value": "Automatic"
              }
            ]
          }
        ],
        "partitions": [
          {
            "name": "{{Partition_Name}}",
            "mode": "directLake",
            "source": {
              "type": "entity",
              "entityName": "demosp",
              "expressionSource": "DatabaseQuery",
              "schemaName": "dbo"
            }
          }
        ],
        "annotations": [
          {
            "name": "IsTableInBiModel",
            "value": "False"
          }
        ]
      },
      {
        "name": "ordersClone",
        "sourceLineageTag": "[dbo].[ordersClone]",
        "columns": [
          {
            "name": "order_id",
            "dataType": "string",
            "sourceColumn": "order_id",
            "sourceProviderType": "varchar",
            "sourceLineageTag": "order_id",
            "summarizeBy": "none",
            "annotations": [
              {
                "name": "SummarizationSetBy",
                "value": "Automatic"
              }
            ]
          },
          {
            "name": "customer_id",
            "dataType": "string",
            "sourceColumn": "customer_id",
            "sourceProviderType": "varchar",
            "sourceLineageTag": "customer_id",
            "summarizeBy": "none",
            "annotations": [
              {
                "name": "SummarizationSetBy",
                "value": "Automatic"
              }
            ]
          },
          {
            "name": "product_id",
            "dataType": "string",
            "sourceColumn": "product_id",
            "sourceProviderType": "varchar",
            "sourceLineageTag": "product_id",
            "summarizeBy": "none",
            "annotations": [
              {
                "name": "SummarizationSetBy",
                "value": "Automatic"
              }
            ]
          },
          {
            "name": "order_date",
            "dataType": "dateTime",
            "sourceColumn": "order_date",
            "formatString": "General Date",
            "sourceProviderType": "date",
            "sourceLineageTag": "order_date",
            "summarizeBy": "none",
            "annotations": [
              {
                "name": "SummarizationSetBy",
                "value": "Automatic"
              }
            ]
          },
          {
            "name": "quantity",
            "dataType": "int64",
            "sourceColumn": "quantity",
            "formatString": "0",
            "sourceProviderType": "int",
            "sourceLineageTag": "quantity",
            "summarizeBy": "sum",
            "annotations": [
              {
                "name": "SummarizationSetBy",
                "value": "Automatic"
              }
            ]
          },
          {
            "name": "total_amount",
            "dataType": "double",
            "sourceColumn": "total_amount",
            "sourceProviderType": "float",
            "sourceLineageTag": "total_amount",
            "summarizeBy": "sum",
            "annotations": [
              {
                "name": "SummarizationSetBy",
                "value": "Automatic"
              },
              {
                "name": "PBI_FormatHint",
                "value": "{\"isGeneralNumber\":true}"
              }
            ]
          }
        ],
        "partitions": [
          {
            "name": "{{Partition_Name}}",
            "mode": "directLake",
            "source": {
              "type": "entity",
              "entityName": "ordersClone",
              "expressionSource": "DatabaseQuery",
              "schemaName": "dbo"
            }
          }
        ],
        "annotations": [
          {
            "name": "IsTableInBiModel",
            "value": "False"
          }
        ]
      },
      {
        "name": "orders",
        "sourceLineageTag": "[dbo].[orders]",
        "columns": [
          {
            "name": "order_id",
            "dataType": "string",
            "sourceColumn": "order_id",
            "sourceProviderType": "varchar",
            "sourceLineageTag": "order_id",
            "summarizeBy": "none",
            "annotations": [
              {
                "name": "SummarizationSetBy",
                "value": "Automatic"
              }
            ]
          },
          {
            "name": "customer_id",
            "dataType": "string",
            "sourceColumn": "customer_id",
            "sourceProviderType": "varchar",
            "sourceLineageTag": "customer_id",
            "summarizeBy": "none",
            "annotations": [
              {
                "name": "SummarizationSetBy",
                "value": "Automatic"
              }
            ]
          },
          {
            "name": "product_id",
            "dataType": "string",
            "sourceColumn": "product_id",
            "sourceProviderType": "varchar",
            "sourceLineageTag": "product_id",
            "summarizeBy": "none",
            "annotations": [
              {
                "name": "SummarizationSetBy",
                "value": "Automatic"
              }
            ]
          },
          {
            "name": "order_date",
            "dataType": "dateTime",
            "sourceColumn": "order_date",
            "formatString": "General Date",
            "sourceProviderType": "date",
            "sourceLineageTag": "order_date",
            "summarizeBy": "none",
            "annotations": [
              {
                "name": "SummarizationSetBy",
                "value": "Automatic"
              }
            ]
          },
          {
            "name": "quantity",
            "dataType": "int64",
            "sourceColumn": "quantity",
            "formatString": "0",
            "sourceProviderType": "int",
            "sourceLineageTag": "quantity",
            "summarizeBy": "sum",
            "annotations": [
              {
                "name": "SummarizationSetBy",
                "value": "Automatic"
              }
            ]
          },
          {
            "name": "total_amount",
            "dataType": "double",
            "sourceColumn": "total_amount",
            "sourceProviderType": "float",
            "sourceLineageTag": "total_amount",
            "summarizeBy": "sum",
            "annotations": [
              {
                "name": "SummarizationSetBy",
                "value": "Automatic"
              },
              {
                "name": "PBI_FormatHint",
                "value": "{\"isGeneralNumber\":true}"
              }
            ]
          }
        ],
        "partitions": [
          {
            "name": "{{Partition_Name}}",
            "mode": "directLake",
            "source": {
              "type": "entity",
              "entityName": "orders",
              "expressionSource": "DatabaseQuery",
              "schemaName": "dbo"
            }
          }
        ],
        "annotations": [
          {
            "name": "IsTableInBiModel",
            "value": "False"
          }
        ]
      },
      {
        "name": "products",
        "sourceLineageTag": "[dbo].[products]",
        "columns": [
          {
            "name": "product_id",
            "dataType": "string",
            "sourceColumn": "product_id",
            "sourceProviderType": "varchar",
            "sourceLineageTag": "product_id",
            "summarizeBy": "none",
            "annotations": [
              {
                "name": "SummarizationSetBy",
                "value": "Automatic"
              }
            ]
          },
          {
            "name": "product_name",
            "dataType": "string",
            "sourceColumn": "product_name",
            "sourceProviderType": "varchar",
            "sourceLineageTag": "product_name",
            "summarizeBy": "none",
            "annotations": [
              {
                "name": "SummarizationSetBy",
                "value": "Automatic"
              }
            ]
          },
          {
            "name": "category",
            "dataType": "string",
            "sourceColumn": "category",
            "sourceProviderType": "varchar",
            "sourceLineageTag": "category",
            "summarizeBy": "none",
            "annotations": [
              {
                "name": "SummarizationSetBy",
                "value": "Automatic"
              }
            ]
          },
          {
            "name": "brand",
            "dataType": "string",
            "sourceColumn": "brand",
            "sourceProviderType": "varchar",
            "sourceLineageTag": "brand",
            "summarizeBy": "none",
            "annotations": [
              {
                "name": "SummarizationSetBy",
                "value": "Automatic"
              }
            ]
          },
          {
            "name": "price",
            "dataType": "double",
            "sourceColumn": "price",
            "sourceProviderType": "float",
            "sourceLineageTag": "price",
            "summarizeBy": "sum",
            "annotations": [
              {
                "name": "SummarizationSetBy",
                "value": "Automatic"
              },
              {
                "name": "PBI_FormatHint",
                "value": "{\"isGeneralNumber\":true}"
              }
            ]
          }
        ],
        "partitions": [
          {
            "name": "{{Partition_Name}}",
            "mode": "directLake",
            "source": {
              "type": "entity",
              "entityName": "products",
              "expressionSource": "DatabaseQuery",
              "schemaName": "dbo"
            }
          }
        ],
        "annotations": [
          {
            "name": "IsTableInBiModel",
            "value": "False"
          }
        ]
      },
      {
        "name": "regions",
        "sourceLineageTag": "[dbo].[regions]",
        "columns": [
          {
            "name": "region_id",
            "dataType": "string",
            "sourceColumn": "region_id",
            "sourceProviderType": "varchar",
            "sourceLineageTag": "region_id",
            "summarizeBy": "none",
            "annotations": [
              {
                "name": "SummarizationSetBy",
                "value": "Automatic"
              }
            ]
          },
          {
            "name": "region",
            "dataType": "string",
            "sourceColumn": "region",
            "sourceProviderType": "varchar",
            "sourceLineageTag": "region",
            "summarizeBy": "none",
            "annotations": [
              {
                "name": "SummarizationSetBy",
                "value": "Automatic"
              }
            ]
          }
        ],
        "partitions": [
          {
            "name": "{{Partition_Name}}",
            "mode": "directLake",
            "source": {
              "type": "entity",
              "entityName": "regions",
              "expressionSource": "DatabaseQuery",
              "schemaName": "dbo"
            }
          }
        ],
        "annotations": [
          {
            "name": "IsTableInBiModel",
            "value": "False"
          }
        ]
      },
      {
        "name": "BUS_VIEW",
        "sourceLineageTag": "[gold].[BUS_VIEW]",
        "columns": [
          {
            "name": "category",
            "dataType": "string",
            "sourceColumn": "category",
            "sourceProviderType": "varchar",
            "sourceLineageTag": "category",
            "summarizeBy": "none",
            "annotations": [
              {
                "name": "SummarizationSetBy",
                "value": "Automatic"
              }
            ]
          },
          {
            "name": "total_orders",
            "dataType": "int64",
            "sourceColumn": "total_orders",
            "formatString": "0",
            "sourceProviderType": "int",
            "sourceLineageTag": "total_orders",
            "summarizeBy": "sum",
            "annotations": [
              {
                "name": "SummarizationSetBy",
                "value": "Automatic"
              }
            ]
          },
          {
            "name": "RANK",
            "dataType": "int64",
            "sourceColumn": "RANK",
            "formatString": "0",
            "sourceProviderType": "bigint",
            "sourceLineageTag": "RANK",
            "summarizeBy": "sum",
            "annotations": [
              {
                "name": "SummarizationSetBy",
                "value": "Automatic"
              }
            ]
          }
        ],
        "partitions": [
          {
            "name": "{{Partition_Name}}",
            "mode": "directLake",
            "source": {
              "type": "entity",
              "entityName": "BUS_VIEW",
              "expressionSource": "DatabaseQuery",
              "schemaName": "gold"
            }
          }
        ],
        "annotations": [
          {
            "name": "IsTableInBiModel",
            "value": "False"
          }
        ]
      },
      {
        "name": "orders(2)",
        "sourceLineageTag": "[gold].[orders]",
        "columns": [
          {
            "name": "order_id",
            "dataType": "string",
            "sourceColumn": "order_id",
            "sourceProviderType": "varchar",
            "sourceLineageTag": "order_id",
            "summarizeBy": "none",
            "annotations": [
              {
                "name": "SummarizationSetBy",
                "value": "Automatic"
              }
            ]
          },
          {
            "name": "customer_id",
            "dataType": "string",
            "sourceColumn": "customer_id",
            "sourceProviderType": "varchar",
            "sourceLineageTag": "customer_id",
            "summarizeBy": "none",
            "annotations": [
              {
                "name": "SummarizationSetBy",
                "value": "Automatic"
              }
            ]
          },
          {
            "name": "product_id",
            "dataType": "string",
            "sourceColumn": "product_id",
            "sourceProviderType": "varchar",
            "sourceLineageTag": "product_id",
            "summarizeBy": "none",
            "annotations": [
              {
                "name": "SummarizationSetBy",
                "value": "Automatic"
              }
            ]
          },
          {
            "name": "order_date",
            "dataType": "dateTime",
            "sourceColumn": "order_date",
            "formatString": "General Date",
            "sourceProviderType": "date",
            "sourceLineageTag": "order_date",
            "summarizeBy": "none",
            "annotations": [
              {
                "name": "SummarizationSetBy",
                "value": "Automatic"
              }
            ]
          },
          {
            "name": "quantity",
            "dataType": "int64",
            "sourceColumn": "quantity",
            "formatString": "0",
            "sourceProviderType": "int",
            "sourceLineageTag": "quantity",
            "summarizeBy": "sum",
            "annotations": [
              {
                "name": "SummarizationSetBy",
                "value": "Automatic"
              }
            ]
          },
          {
            "name": "price",
            "dataType": "double",
            "sourceColumn": "price",
            "sourceProviderType": "float",
            "sourceLineageTag": "price",
            "summarizeBy": "sum",
            "annotations": [
              {
                "name": "SummarizationSetBy",
                "value": "Automatic"
              },
              {
                "name": "PBI_FormatHint",
                "value": "{\"isGeneralNumber\":true}"
              }
            ]
          },
          {
            "name": "amount",
            "dataType": "double",
            "sourceColumn": "amount",
            "sourceProviderType": "float",
            "sourceLineageTag": "amount",
            "summarizeBy": "sum",
            "annotations": [
              {
                "name": "SummarizationSetBy",
                "value": "Automatic"
              },
              {
                "name": "PBI_FormatHint",
                "value": "{\"isGeneralNumber\":true}"
              }
            ]
          }
        ],
        "partitions": [
          {
            "name": "{{Partition_Name}}",
            "mode": "directLake",
            "source": {
              "type": "entity",
              "entityName": "orders",
              "expressionSource": "DatabaseQuery",
              "schemaName": "gold"
            }
          }
        ],
        "annotations": [
          {
            "name": "IsTableInBiModel",
            "value": "False"
          }
        ]
      },
      {
        "name": "products(2)",
        "sourceLineageTag": "[gold].[products]",
        "columns": [
          {
            "name": "product_id",
            "dataType": "string",
            "sourceColumn": "product_id",
            "sourceProviderType": "varchar",
            "sourceLineageTag": "product_id",
            "summarizeBy": "none",
            "annotations": [
              {
                "name": "SummarizationSetBy",
                "value": "Automatic"
              }
            ]
          },
          {
            "name": "product_name",
            "dataType": "string",
            "sourceColumn": "product_name",
            "sourceProviderType": "varchar",
            "sourceLineageTag": "product_name",
            "summarizeBy": "none",
            "annotations": [
              {
                "name": "SummarizationSetBy",
                "value": "Automatic"
              }
            ]
          },
          {
            "name": "category",
            "dataType": "string",
            "sourceColumn": "category",
            "sourceProviderType": "varchar",
            "sourceLineageTag": "category",
            "summarizeBy": "none",
            "annotations": [
              {
                "name": "SummarizationSetBy",
                "value": "Automatic"
              }
            ]
          },
          {
            "name": "brand",
            "dataType": "string",
            "sourceColumn": "brand",
            "sourceProviderType": "varchar",
            "sourceLineageTag": "brand",
            "summarizeBy": "none",
            "annotations": [
              {
                "name": "SummarizationSetBy",
                "value": "Automatic"
              }
            ]
          },
          {
            "name": "price",
            "dataType": "double",
            "sourceColumn": "price",
            "sourceProviderType": "float",
            "sourceLineageTag": "price",
            "summarizeBy": "sum",
            "annotations": [
              {
                "name": "SummarizationSetBy",
                "value": "Automatic"
              },
              {
                "name": "PBI_FormatHint",
                "value": "{\"isGeneralNumber\":true}"
              }
            ]
          },
          {
            "name": "details",
            "dataType": "string",
            "sourceColumn": "details",
            "sourceProviderType": "varchar",
            "sourceLineageTag": "details",
            "summarizeBy": "none",
            "annotations": [
              {
                "name": "SummarizationSetBy",
                "value": "Automatic"
              }
            ]
          }
        ],
        "partitions": [
          {
            "name": "{{Partition_Name}}",
            "mode": "directLake",
            "source": {
              "type": "entity",
              "entityName": "products",
              "expressionSource": "DatabaseQuery",
              "schemaName": "gold"
            }
          }
        ],
        "annotations": [
          {
            "name": "IsTableInBiModel",
            "value": "False"
          }
        ]
      },
      {
        "name": "regions(2)",
        "sourceLineageTag": "[gold].[regions]",
        "columns": [
          {
            "name": "region_id",
            "dataType": "string",
            "sourceColumn": "region_id",
            "sourceProviderType": "varchar",
            "sourceLineageTag": "region_id",
            "summarizeBy": "none",
            "annotations": [
              {
                "name": "SummarizationSetBy",
                "value": "Automatic"
              }
            ]
          },
          {
            "name": "region",
            "dataType": "string",
            "sourceColumn": "region",
            "sourceProviderType": "varchar",
            "sourceLineageTag": "region",
            "summarizeBy": "none",
            "annotations": [
              {
                "name": "SummarizationSetBy",
                "value": "Automatic"
              }
            ]
          }
        ],
        "partitions": [
          {
            "name": "{{Partition_Name}}",
            "mode": "directLake",
            "source": {
              "type": "entity",
              "entityName": "regions",
              "expressionSource": "DatabaseQuery",
              "schemaName": "gold"
            }
          }
        ],
        "annotations": [
          {
            "name": "IsTableInBiModel",
            "value": "False"
          }
        ]
      },
      {
        "name": "orders(1)",
        "sourceLineageTag": "[silver].[orders]",
        "columns": [
          {
            "name": "order_id",
            "dataType": "string",
            "sourceColumn": "order_id",
            "sourceProviderType": "varchar",
            "sourceLineageTag": "order_id",
            "summarizeBy": "none",
            "annotations": [
              {
                "name": "SummarizationSetBy",
                "value": "Automatic"
              }
            ]
          },
          {
            "name": "customer_id",
            "dataType": "string",
            "sourceColumn": "customer_id",
            "sourceProviderType": "varchar",
            "sourceLineageTag": "customer_id",
            "summarizeBy": "none",
            "annotations": [
              {
                "name": "SummarizationSetBy",
                "value": "Automatic"
              }
            ]
          },
          {
            "name": "product_id",
            "dataType": "string",
            "sourceColumn": "product_id",
            "sourceProviderType": "varchar",
            "sourceLineageTag": "product_id",
            "summarizeBy": "none",
            "annotations": [
              {
                "name": "SummarizationSetBy",
                "value": "Automatic"
              }
            ]
          },
          {
            "name": "order_date",
            "dataType": "dateTime",
            "sourceColumn": "order_date",
            "formatString": "General Date",
            "sourceProviderType": "date",
            "sourceLineageTag": "order_date",
            "summarizeBy": "none",
            "annotations": [
              {
                "name": "SummarizationSetBy",
                "value": "Automatic"
              }
            ]
          },
          {
            "name": "quantity",
            "dataType": "int64",
            "sourceColumn": "quantity",
            "formatString": "0",
            "sourceProviderType": "int",
            "sourceLineageTag": "quantity",
            "summarizeBy": "sum",
            "annotations": [
              {
                "name": "SummarizationSetBy",
                "value": "Automatic"
              }
            ]
          },
          {
            "name": "price",
            "dataType": "double",
            "sourceColumn": "price",
            "sourceProviderType": "float",
            "sourceLineageTag": "price",
            "summarizeBy": "sum",
            "annotations": [
              {
                "name": "SummarizationSetBy",
                "value": "Automatic"
              },
              {
                "name": "PBI_FormatHint",
                "value": "{\"isGeneralNumber\":true}"
              }
            ]
          },
          {
            "name": "amount",
            "dataType": "double",
            "sourceColumn": "amount",
            "sourceProviderType": "float",
            "sourceLineageTag": "amount",
            "summarizeBy": "sum",
            "annotations": [
              {
                "name": "SummarizationSetBy",
                "value": "Automatic"
              },
              {
                "name": "PBI_FormatHint",
                "value": "{\"isGeneralNumber\":true}"
              }
            ]
          }
        ],
        "partitions": [
          {
            "name": "{{Partition_Name}}",
            "mode": "directLake",
            "source": {
              "type": "entity",
              "entityName": "orders",
              "expressionSource": "DatabaseQuery",
              "schemaName": "silver"
            }
          }
        ],
        "annotations": [
          {
            "name": "IsTableInBiModel",
            "value": "False"
          }
        ]
      },
      {
        "name": "products(1)",
        "sourceLineageTag": "[silver].[products]",
        "columns": [
          {
            "name": "product_id",
            "dataType": "string",
            "sourceColumn": "product_id",
            "sourceProviderType": "varchar",
            "sourceLineageTag": "product_id",
            "summarizeBy": "none",
            "annotations": [
              {
                "name": "SummarizationSetBy",
                "value": "Automatic"
              }
            ]
          },
          {
            "name": "product_name",
            "dataType": "string",
            "sourceColumn": "product_name",
            "sourceProviderType": "varchar",
            "sourceLineageTag": "product_name",
            "summarizeBy": "none",
            "annotations": [
              {
                "name": "SummarizationSetBy",
                "value": "Automatic"
              }
            ]
          },
          {
            "name": "category",
            "dataType": "string",
            "sourceColumn": "category",
            "sourceProviderType": "varchar",
            "sourceLineageTag": "category",
            "summarizeBy": "none",
            "annotations": [
              {
                "name": "SummarizationSetBy",
                "value": "Automatic"
              }
            ]
          },
          {
            "name": "brand",
            "dataType": "string",
            "sourceColumn": "brand",
            "sourceProviderType": "varchar",
            "sourceLineageTag": "brand",
            "summarizeBy": "none",
            "annotations": [
              {
                "name": "SummarizationSetBy",
                "value": "Automatic"
              }
            ]
          },
          {
            "name": "price",
            "dataType": "double",
            "sourceColumn": "price",
            "sourceProviderType": "float",
            "sourceLineageTag": "price",
            "summarizeBy": "sum",
            "annotations": [
              {
                "name": "SummarizationSetBy",
                "value": "Automatic"
              },
              {
                "name": "PBI_FormatHint",
                "value": "{\"isGeneralNumber\":true}"
              }
            ]
          },
          {
            "name": "details",
            "dataType": "string",
            "sourceColumn": "details",
            "sourceProviderType": "varchar",
            "sourceLineageTag": "details",
            "summarizeBy": "none",
            "annotations": [
              {
                "name": "SummarizationSetBy",
                "value": "Automatic"
              }
            ]
          }
        ],
        "partitions": [
          {
            "name": "{{Partition_Name}}",
            "mode": "directLake",
            "source": {
              "type": "entity",
              "entityName": "products",
              "expressionSource": "DatabaseQuery",
              "schemaName": "silver"
            }
          }
        ],
        "annotations": [
          {
            "name": "IsTableInBiModel",
            "value": "False"
          }
        ]
      },
      {
        "name": "regions(1)",
        "sourceLineageTag": "[silver].[regions]",
        "columns": [
          {
            "name": "region_id",
            "dataType": "string",
            "sourceColumn": "region_id",
            "sourceProviderType": "varchar",
            "sourceLineageTag": "region_id",
            "summarizeBy": "none",
            "annotations": [
              {
                "name": "SummarizationSetBy",
                "value": "Automatic"
              }
            ]
          },
          {
            "name": "region",
            "dataType": "string",
            "sourceColumn": "region",
            "sourceProviderType": "varchar",
            "sourceLineageTag": "region",
            "summarizeBy": "none",
            "annotations": [
              {
                "name": "SummarizationSetBy",
                "value": "Automatic"
              }
            ]
          }
        ],
        "partitions": [
          {
            "name": "{{Partition_Name}}",
            "mode": "directLake",
            "source": {
              "type": "entity",
              "entityName": "regions",
              "expressionSource": "DatabaseQuery",
              "schemaName": "silver"
            }
          }
        ],
        "annotations": [
          {
            "name": "IsTableInBiModel",
            "value": "False"
          }
        ]
      }
    ],
    "expressions": [
      {
        "name": "DatabaseQuery",
        "kind": "m",
        "expression": "let\n    database = {{TDS_Endpoint}}\nin\n    database\n"
      }
    ],
    "annotations": [
      {
        "name": "__PBI_TimeIntelligenceEnabled",
        "value": "0"
      },
      {
        "name": "SourceLineageTagType",
        "value": "DatabaseFullyQualifiedName"
      }
    ]
  }
}