{"$schema":"http://schema.management.azure.com/schemas/2015-01-01/deploymentTemplate.json#","contentVersion":"1.0.0.0","parameters":{"adlsfabricWHcon fabricdf":{"type":"string"},"FabricWH":{"type":"string"}},"variables":{},"resources":[{"name":"Pipeline 1","type":"pipelines","apiVersion":"2018-06-01","properties":{"activities":[{"name":"Copy from adls","type":"Copy","dependsOn":[],"policy":{"timeout":"0.12:00:00","retry":0,"retryIntervalInSeconds":30,"secureOutput":false,"secureInput":false},"typeProperties":{"source":{"type":"ParquetSource","storeSettings":{"type":"AzureBlobFSReadSettings","recursive":true,"enablePartitionDiscovery":false},"formatSettings":{"type":"ParquetReadSettings"},"datasetSettings":{"annotations":[],"type":"Parquet","typeProperties":{"location":{"type":"AzureBlobFSLocation","fileName":"regions.parquet","fileSystem":"rawdata"},"compressionCodec":"snappy"},"schema":[],"externalReferences":{"connection":"[parameters('adlsfabricWHcon fabricdf')]"}}},"sink":{"type":"DataWarehouseSink","allowCopyCommand":true,"copyCommandSettings":{},"tableOption":"autoCreate","datasetSettings":{"annotations":[],"linkedService":{"name":"FabricWH","properties":{"annotations":[],"type":"DataWarehouse","typeProperties":{"endpoint":"k7wn3mfaxm2ezfenwkv62nsyh4-hglffia4scvebem76wofxxa4ee.datawarehouse.fabric.microsoft.com","artifactId":"[parameters('FabricWH')]","workspaceId":"a0529639-901c-40aa-919f-f59c5bdc1c21"}}},"type":"DataWarehouseTable","schema":[],"typeProperties":{"schema":"dbo","table":"regions"}}},"enableStaging":true}}],"lastModifiedByObjectId":"c106f0cb-1f43-48c7-8f3e-862d4e4efa0a","lastPublishTime":"2025-06-29T01:01:34Z"},"dependsOn":[]}]}